id,bid,user_id,用户昵称,微博正文,头条文章url,发布位置,艾特用户,话题,转发数,评论数,点赞数,发布时间,发布工具,微博图片url,微博视频url,retweet_id,ip
4980447487983984,NxKO0xuZW,7399599324,上海政法学院微校园,#上海交大一二九冬季长跑##一二九冬季长跑上的交大师生们#【一二九冬季长跑】上海交大一二九冬季长跑如期举行，师生们尽显风采，在这寒冷的冬天中，跑出我们心中的热！cr：上海交通大学L上海校园的微博视频,,,,"上海交大一二九冬季长跑,一二九冬季长跑上的交大师生们",0,0,0,2023-12-18 23:51,iPhone客户端,,"http://f.video.weibocdn.com/o0/n47PI2Zslx08b2GXyvjq01041201cDZB0E010.mp4?label=mp4_720p&template=1280x720.25.0&ori=0&ps=1BVp4ysnknHVZu&Expires=1702950702&ssig=rvoilqozDm&KID=unistore,video",,上海
4980446861467226,NxKN069GW,1892097037,东方财经浦东,【#上海交大安泰：行业研究生态日益形成社会影响力逐步扩大#】“第六届中国行业发展高峰论坛”暨上海交通大学行业研究院五周年系列活动（上海站）日前在沪举行，论坛以“知行合一，智绘未来”为主题，专家学者围绕中国科技进步与产业升级转型间的相互作用展开深入讨论。L东方财经浦东的微博视频,,,,上海交大安泰：行业研究生态日益形成 社会影响力逐步扩大,0,0,0,2023-12-18 23:48,微博视频号,,"http://f.video.weibocdn.com/o0/EzDCrS6Ulx08b36S3FDO01041200xMkx0E010.mp4?label=mp4_720p&template=1280x720.25.0&ori=0&ps=1BVp4ysnknHVZu&Expires=1702950702&ssig=hEydFf8PBc&KID=unistore,video",,
4980439096232627,NxKAtq9of,7566827715,星海天文,IC2177海鸥星云拍摄者：上海交通大学蔡楚晗拍摄地点：智利远程台设备：望远镜：高桥Epsilon-180EDCCD:ZWOASI6200MM-Pro参数：SHO，单通道105*200s时间：2023年12月我们要飞到那遥远地方，看一看，这世界并非那么凄凉，我们要飞到那遥远地方，望一望，这世界还是一片的光亮。天文#星海摄影团##星空摄影##远程天文台#,,智利,,"星海摄影团,星空摄影,远程天文台",0,0,1,2023-12-18 23:17,Xiaomi 13 Ultra,['https://wx2.sinaimg.cn/large/008g5Dyjly1hkycl9isfaj339g2661l8.jpg'],,,上海
4980400529867757,NxJAgFp3n,2593325252,食品科学网,发布了头条文章：《上海交通大学农业与生物学院操义平课题组招聘专职科研人员》O上海交通大学农业与生物学院操义平课题组招聘专职科研人员,http://t.cn/A6liHB1f,,,,0,0,1,2023-12-18 20:44,微博 weibo.com,,,,新加坡
4980396284191199,NxJtqhAjZ,6466370677,悉达多多小葫芦,lz要脱单要脱单要脱单，啊啊啊啊啊啊啊啊啊！！！！！！！！天呐，来个人把我收走吧！！！！,,上海·上海交通大学(闵行校区),,,0,1,2,2023-12-18 20:27,微博网页版,,,,上海
4980393364685760,NxJoIjEYM,6750541675,OSU上海高校守望先锋,【OSU自由组队赛总决赛直播预告！】总决赛日到啦！经历一个月的鏖战，走到决赛的是TeamName（上海交通大学）和上海建桥学院队！他们将在今晚进行FirstTo4的终极大战，本届32支参赛队伍的最强队伍花落谁家，拭目以待！赛程：9:00PMTeamNameVS上海建桥学院官方直播B站搜索：OSU上海高校守望先锋转播直播间：@木子鸽Muzi的B站直播间感谢由@网易UU加速器提供的UU加速器高级会员时长卡奖励，UU加速器为玩家提供了接近国服的游戏延迟，每年还有大学生特惠立省94元！守望先锋#OSU联赛##网易uu加速器##守望先锋#,,,"木子鸽Muzi,网易UU加速器","OSU联赛,网易uu加速器,守望先锋",1,1,1,2023-12-18 20:16,守望先锋超话,,,,上海
4980393164410552,NxJooivnW,1788773071,luobot-,上海交通大学一天80，有需要兼职的同学吗～,,,,,0,0,0,2023-12-18 20:15,上海交通大学超话,,,,陕西
4980385144376397,NxJbsimv3,6221743187,用户6221743187,终于有一个敢说实话真话的经济专家了！上海交通大学金融教授陈欣表示，美国正试图通过培养印度的制造业供应链来替代中国。印度已出台政策，要求在印度生产手机的企业必须聘请印度人担任核心管理层。陈欣教授建议，为防止这种情况，国家应出台系统性政策，限制中国企业帮助印度进行基础设施建设、能源布局建设和出口高精端设备。他强调，我们不能只看到市场的繁荣而忽视潜在的危机，也不能重蹈美国的覆辙。对印度最佳战略就是不允许投资印度，限制关键资源出口，帮助印度搞产业提升就是危害国家安全。美国与印度相隔万里，短期内不会威胁美国霸权地位。但印度与中国接壤，在藏南问题上野心勃勃，一旦印度国家发展强大了，对中国的国家安全就是极大的威胁。,,,,,0,0,0,2023-12-18 19:43,vivo S16,,,,海南
4980364969248187,NxIEUCNSj,6067221170,不可错过的舞台,走进校园，在上海交通大学的一场分享：山顶无止境，征服目标而不是目标征服你。#房琪##治愈##网红#L不可错过的舞台的微博视频,,,,"房琪,治愈,网红",0,0,0,2023-12-18 18:23,微博视频号,,"http://f.video.weibocdn.com/o0/0pU9IM6slx08b2KwIz1K01041200STtt0E010.mp4?label=mp4_720p&template=1024x576.25.0&ori=0&ps=1BVp4ysnknHVZu&Expires=1702950702&ssig=fFdrnhW209&KID=unistore,video",,天津
4980363967070624,NxIDitFok,6348124242,cj剑胆琴心,终于有一个敢说实话真话的经济专家了！上海交通大学金融教授陈欣表示，美国正试图通过培养印度的制造业供应链来替代中国。印度已出台政策，要求在印度生产手机的企业必须聘请印度人担任核心管理层。陈欣教授建议，为防止这种情况，国家应出台系统性政策，限制中国企业帮助印度进行基础设施建设、能源布局建设和出口高精端设备。他强调，我们不能只看到市场的繁荣而忽视潜在的危机，也不能重蹈美国的覆辙。对印度最佳战略就是不允许投资印度，限制关键资源出口，帮助印度搞产业提升就是危害国家安全。美国与印度相隔万里，短期内不会威胁美国霸权地位。但印度与中国接壤，在藏南问题上野心勃勃，一旦印度国家发展强大了，对中国的国家安全就是极大的威胁。,,,,,0,0,1,2023-12-18 18:19,占豪的观点超话,['https://wx4.sinaimg.cn/large/006VC56Gly1hky40gxgp3j305k05kt8w.jpg'],,,江苏
4980360253277717,NxIxjdKGp,1996630484,上海校园,#上海交大一二九冬季长跑##一二九冬季长跑上的交大师生们#【一二九冬季长跑】一起来看看冬季长跑上师生们的风采秀cr：上海交通大学,,,,"上海交大一二九冬季长跑,一二九冬季长跑上的交大师生们",0,0,0,2023-12-18 18:04,一加 Ace 2 王牌兔,"['https://wx3.sinaimg.cn/large/770229d4ly1hky3iq4mn2j20yg0n40yp.jpg', 'https://wx4.sinaimg.cn/large/770229d4ly1hky3iqs9kzj20yg0moqa0.jpg', 'https://wx4.sinaimg.cn/large/770229d4ly1hky3ir7ihsj20yg0nadmc.jpg', 'https://wx3.sinaimg.cn/large/770229d4ly1hky3irlje6j20yg0mwq8l.jpg', 'https://wx1.sinaimg.cn/large/770229d4ly1hky3is64l5j20yg0n0q7c.jpg', 'https://wx3.sinaimg.cn/large/770229d4ly1hky3isim79j20yg0ni43x.jpg']",,,
4980359471564354,NxIw36yXw,2361694997,歷史阿牛,『【招贤纳士】|上海交通大学上海交大-南加州大学文化创意产业学院2024年度博士后公开招聘』https://mp.weixin.qq.com/s?__biz=MzAxOTU4NDMwNg==&mid=2651290764&idx=1&sn=b58f597b8a44250601fbfa1bc42a4aea&chksm=803718d1b74091c7d26353b7f5d64a1587ec3b5fa3722a6ce8a7b2efb7dff5fa1a2be3eb4265&mpshare=1&srcid=121852VjfG6tQY67AUM681ZU&sharer_shareinfo=bfc18cbe66257b670f6e327fd1556737&sharer_shareinfo_first=c87e9f49c5ed7d3788e909c66c4a278e&from=timeline&scene=2&subscene=2&clicktime=1702893594&enterid=1702893594&sessionid=0&ascene=2&fasttmpl_type=0&fasttmpl_fullversion=6992830-zh_CN-zip&fasttmpl_flag=0&realreporttime=1702893594850&devicetype=android-31&version=28002c37&nettype=WIFI&lang=zh_CN&countrycode=CN&exportkey=n_ChQIAhIQm4waqKRk9Mj9TiqxW0%2BmXhLaAQIE97dBBAEAAAAAAEiOK4CshnoAAAAOpnltbLcz9gKNyK89dVj0ctMQPwiA%2FXF4SF90Ggu8ZdWwYv2bxqWb2b0oNfatSXvHLhJ4ahB1b0VTUXER4dFpL3uLR%2FNt9HJu5AFSX7En62CzVqwHTJ4j80w2FBzs2D%2FzQfpm0b6CqkjnQoDX5EjxqXUObLSG51281TjTQF8vU7bCMTJjFgWPYim0FdnrFFhgGuRfHBBET3xBPG8W64JLJDUD0PHe0%2Fe8ZwM025suMn4lOiJtaQG1Ct28Wg6RqYXAoQa%2B&pass_ticket=Z34OwE3UIxGakPKq%2FKIMas5Mxd755qI6zSqaw4Njd%2BRlXpsy9M0%2Fnt0EfFxqapUP%2FYLU7Y1GtSvvOH98g%2Fw%2BVw%3D%3D&wx_header=3,,,,,0,0,1,2023-12-18 18:01,华为Mate40保时捷设计,,,,上海
4980352082772006,NxIk8bD7M,1996630484,上海校园,#上海交大一二九冬季长跑##一二九冬季长跑上的交大师生们#【一二九冬季长跑】上海交大一二九冬季长跑如期举行，师生们尽显风采，在这寒冷的冬天中，跑出我们心中的热！cr：上海交通大学L上海校园的微博视频,,,,"上海交大一二九冬季长跑,一二九冬季长跑上的交大师生们",6,6,27,2023-12-18 17:32,微博视频号,,"http://f.video.weibocdn.com/o0/n47PI2Zslx08b2GXyvjq01041201cDZB0E010.mp4?label=mp4_720p&template=1280x720.25.0&ori=0&ps=1BVp4ysnknHVZu&Expires=1702950720&ssig=15Rjx3ErPv&KID=unistore,video",,
4980344248078340,NxI7uxTxO,3996876140,机器之心Pro,当前人工智能等数字技术正穿透工业场景、变革生产流程、丰富制造内涵，引领制造业加速向智能制造转变。圆桌环节由上海交通大学机械与动力工程学院教授&博士生导师、上海市智能制造研发与转化功能型平台副总经理郑宇主持，中国商飞信息化副总师苏爱华、百度智能云上海区域总经理张家利、节卡机器人CIO杨万利与积梦智能创始人&CEO谢孟军，作为工业智能应用场景方、数智服务平台代表，围绕“大企业和中小企业的大模型服务侧重点与商业模式”“制造企业人机共融应用场景及应用难点”“数据驱动智能决策和智能运营等方面的行业成功经验”等议题，探讨了人工智能赋能新型工业化的高效路径及未来展望。O数智上海2023峰会“数智说”工业智能化论坛成功举办,,,,,3,0,0,2023-12-18 17:01,微博 weibo.com,,,,北京
4980329014364011,NxHIVijhh,2512208771,孝义发布,【校地“联姻”结硕果】今年以来，孝义市全面聚焦“两先四高”发展战略，依托重点领域项目，柔性集聚储备相关产业人才。与清华大学、北京大学、上海交通大学等省内外高校建立107个校地合作基地，实打实把人才引进来、用起来，实现“项目+团队+人才”“联姻”发展。O校地“联姻”结硕果,,,,,0,0,0,2023-12-18 16:00,微博网页版,"['https://wx3.sinaimg.cn/large/95bd4383ly1hkxzx4648xj20q60hg1kx.jpg', 'https://wx2.sinaimg.cn/large/95bd4383ly1hkxzwyt4xuj20u00gv40v.jpg', 'https://wx2.sinaimg.cn/large/95bd4383ly1hkxzx1nh0jj20u00k0gom.jpg', 'https://wx2.sinaimg.cn/large/95bd4383ly1hkxzwso9llj20u00gvq4m.jpg', 'https://wx3.sinaimg.cn/large/95bd4383ly1hkxzwyskn3j20u00gcwid.jpg']",,,
4980319327882490,NxHtix4AW,7292075673,五莲县融媒体中心,康复医学与工程大会暨康复医学与康复工程前沿技术临床转化会议｜嘉宾专访大会执行主席、上海交通大学附属第九人民医院骨科主任医师王金武：“日照是滨海城市，特别宜居，对康复养老产业来说是一个特别好的城市。”（全媒体记者庄增宇刘成）L日照日报官博的微博视频,,,,,0,1,1,2023-12-18 15:22,微博视频号,,"http://f.video.weibocdn.com/o0/QfPpwdDZlx08b1hHddGM010412007rb70E010.mp4?label=mp4_720p&template=720x960.24.0&ori=0&ps=1BVp4ysnknHVZu&Expires=1702950720&ssig=ohprq37X%2F4&KID=unistore,video",,
4980307206603496,NxH9KrHS0,7881515503,V-wangsd,发布了头条文章：《有关-上海交通大学医学院附属新华医院生物反馈磁项目竞争性磋商公告》O有关-上海交通大学医学院附属新华医院生物反馈磁项目竞争性磋商公告,http://t.cn/A6lifVYN,,,,0,0,0,2023-12-18 14:33,微博 weibo.com,,,,内蒙古
4980305274343826,NxH6Die1I,6461839778,硕博学位,上海交通大学—法国凯致商学院2023级GMBA开学啦～,,,,,0,0,0,2023-12-18 14:26,微博网页版,"['https://wx4.sinaimg.cn/large/0073jdIegy1hkxx9ljj35j318g0tndi5.jpg', 'https://wx2.sinaimg.cn/large/0073jdIegy1hkxx9o60i9j31hb0u0agi.jpg', 'https://wx4.sinaimg.cn/large/0073jdIegy1hkxx9r8lsaj31hc0u0448.jpg']",,,上海
4980288301564165,NxGFg6yUt,2945637961,丸子话美丽,上海九院：曹卫刚吸脂怎么样？　是九院整形外科的主任医师，毕业于上海交通大学医学院，目前从事整形外科工作已经有将近二十多年的时间，所以积累了大量丰富的整形外科临床经验，对于手术的成功率也就更有把握。目前就职于上海市第九医院整形外科，比较擅长的项目还是人体雕塑、自体脂肪移植和胸部整形等多种整形项目。,,,,,0,1,0,2023-12-18 13:18,微博 weibo.com,,,,四川
4980287276584193,NxGDBrCQF,6052497029,牛蹄筋儿发疯专署基地,上海交通大学有电院自动化的博士师兄师姐嘛，想咨询一些复试有关的事情，可有偿,,,,,0,4,0,2023-12-18 13:14,上海交通大学超话,,,,上海
4980279234793174,NxGqDk6Vg,1077173264,互联网分析师于斌,终于有一个敢说实话真话的经济专家了！上海交通大学金融教授陈欣表示，美国正试图通过培养印度的制造业供应链来替代中国。印度已出台政策，要求在印度生产手机的企业必须聘请印度人担任核心管理层。陈欣教授建议，为防止这种情况，国家应出台系统性政策，限制中国企业帮助印度进行基础设施建设、能源布局建设和出口高精端设备。他强调，我们不能只看到市场的繁荣而忽视潜在的危机，也不能重蹈美国的覆辙。对印度最佳战略就是不允许投资印度，限制关键资源出口，帮助印度搞产业提升就是危害国家安全。美国与印度相隔万里，短期内不会威胁美国霸权地位。但印度与中国接壤，在藏南问题上野心勃勃，一旦印度国家发展强大了，对中国的国家安全就是极大的威胁。,,,,,106,129,644,2023-12-18 12:42,微博网页版,,,,江苏
4980269713723324,NxGbhfCBC,5127068216,简单多美丶,473.蒙医学史论及文献研究：吉格木德内蒙古医学院（全9讲·完整版）472.抑郁症中西医诊治进展：沈小珩上海交通大学（全4讲·完整版）471.一针疗法讲课,,,,,0,0,0,2023-12-18 12:04,微博网页版,['https://wx2.sinaimg.cn/large/005AYEEEly1hkxt6rvz1uj30p00ozdk4.jpg'],,,陕西
4980254495740040,NxFMJo5fi,6599744250,上善百转天成溪w,#周知上海的流风遗迹#上海华山路，百年风华、人文荟萃、林荫掩映下的老里弄老别墅，得以留下了杰出名人故居和著名学府：其中有教育家蔡元培故居、近代民族资本家孙氏家族故居、电影明星周璇孙道林旧居、丁香花园和丁香别墅（李鸿章故居）、上海戏剧学院、上海复旦中学、上海交通大学等等，赋予了这条马路别具一格的韵味。L上善百转天成溪w的微博视频,,,,周知上海的流风遗迹,0,0,3,2023-12-18 11:04,微博视频号,,"http://f.video.weibocdn.com/o0/RsMOoIJjlx08b2cazxqo01041205AuG30E020.mp4?label=mp4_720p&template=720x1280.24.0&ori=0&ps=1BVp4ysnknHVZu&Expires=1702950739&ssig=1%2BvVSagSuM&KID=unistore,video",,上海
4980252405399886,NxFJmmEKW,3514753284,小米上海,#redmi十周年#上海交通大学2023年末大戏与交大米粉一起见证Redmi十周年!,,,,redmi十周年,1,3,11,2023-12-18 10:56,Xiaomi Civi 1S,"['https://wx4.sinaimg.cn/large/d17ee104gy1hkxr627cgej21hd1417wh.jpg', 'https://wx4.sinaimg.cn/large/d17ee104gy1hkxr64nrtyj21hd141qub.jpg', 'https://wx1.sinaimg.cn/large/d17ee104gy1hkxr67bc90j21hd141x2h.jpg', 'https://wx3.sinaimg.cn/large/d17ee104gy1hkxr68dcmdj21hd141hb2.jpg', 'https://wx1.sinaimg.cn/large/d17ee104gy1hkxr65tnmnj21hd1414nh.jpg', 'https://wx3.sinaimg.cn/large/d17ee104gy1hkxr69qtcoj21hd141hdt.jpg', 'https://wx3.sinaimg.cn/large/d17ee104gy1hkxr6bq6q2j21hd141e5o.jpg', 'https://wx2.sinaimg.cn/large/d17ee104gy1hkxr6chkhqj21hd141h4t.jpg', 'https://wx4.sinaimg.cn/large/d17ee104gy1hkxr6dpihjj21hd1417wh.jpg']",,,上海
4980245868316731,NxFyOyTyP,7704519682,BioArt的主编,#BA帮你找职位#——【@上海交通大学生物医学工程学院林关宁课题组招聘生物信息学博士后】O上海交通大学生物医学工程学院林关宁课题组招聘生物信息学博士后,,,上海交通大学,BA帮你找职位,0,0,0,2023-12-18 10:30,BioArt陪你磕研超话,,,,陕西
4980240818110777,NxFqFy1YZ,2176077174,付易昌-易经风水导师,【易商智慧~地天泰卦】交通大学（上海交通大学、西安交通大学、北京交通大学、西南交通大学...）名字来自于地天泰卦，故宫交泰殿来自地天泰卦，顺丰旗下丰巢logo来自于地天泰卦，五岳之首为泰山，古人把岳父称为泰山。泰卦内涵丰富，易昌总结为：天地交而万物通，上下交而志同；夫妻交而家业兴，心肾交而身康宁，主客交而财气生，师生交而学业进。象传：天地交，泰；后以财成天地之道，辅相天地之宜，以左右民。天地二气相交，象征万物通泰；君王因此裁断决定使之成就天地大道，辅助天地的变化，使之顺应天道，合乎时宜，用来辅佐护佑百姓，造福天下。“财成”是为了限制其过分，如今之反垄断套利；“辅相”是为了补充其不及，如今之扶贫攻坚。我们经常在遭遇运气不好的时候，会用“否极泰来”等成语宽慰自己或他人。但其实很多人并不知道“否”和“泰”真实是源自于《易经》中的否卦和泰卦。可见说《易经》是群经之首和中国传统文化之源确实是所言不虚。我们常说“否极泰来”，但在易经中，泰卦之后紧接着是否卦，可谓是“泰极否来”，所以社会现象我们经常“眼见他起高楼，眼见他宴宾客，眼见他楼塌了”；易经64卦循环无尽，从泰卦到否卦仅需一步，从否卦到泰卦却有63步之遥，成功何其难啊，失败何其易啊！持盈保泰之道是需要好好修行的。泰卦是外坤内乾，也就是外柔内刚，坤卦代表小人，乾卦代表君子，诸葛亮《出师表》言“亲贤臣，远小人”有此卦象，因此泰卦之德就像铜钱一样——外圆内方。其表现是在外面是柔顺圆通而内心却是非常刚健正直的。外表圆通，则能合于大众；内心刚直，则能坚守正道。世间多认为“内方外圆”是为人处世的最高境界，有利于商业求财，有利于功成名就，“小往大来，吉亨”。易经非常注重时位，泰卦在十二消息卦中为正月，三阳开泰，春天到来，阳气渐长，阴气渐消。易昌时有建议属马、兔、猪者摆放“三羊开泰”以助旺运势，体悟易道。六爻总结：初九为泰运方开，群贤并进，共同追求通泰，所以说“拔茅茹，以其汇，征吉”。九二为治泰之道，外王内圣，故曰“包荒，用冯河，不遐遗，朋亡，得尚于中行”。九三为交泰枢纽，艰贞保泰。阴阳交接之际，故诫“无平不陂，无往不复”，阴孚阳为兑，“于食有福”暗指上层将税收用于自身的饮食宴乐。六四为上求福于下，“翩翩”，暗指歌舞升平，上层群体求欢之义。“不戒以孚，中心愿也”，人心之自然性情也。六五为君王下嫁女儿获福大吉，暗指安泰之时，上层不以清虚高雅为福祉，而以富实享乐为福祉。上六诫居上者泰奢必堕，奢侈、享乐之风自上而下蔓延，上层建筑就会很快崩塌，故象曰“城复于隍，其命乱也”，此时，军队早已涣散，故曰“勿用师”，唯有“自邑告命”，自我反省先王训诫，守正以防憾惜。,,,,,0,0,0,2023-12-18 10:10,HUAWEI Mate30 Pro 5G,"['https://wx3.sinaimg.cn/large/81b44d76ly1hkxpva4e6sj20hh0hhjrv.jpg', 'https://wx2.sinaimg.cn/large/81b44d76ly1hkxpvahxo3j20xs0y911n.jpg', 'https://wx3.sinaimg.cn/large/81b44d76ly1hkxpvav1xfj20hh0hhgmm.jpg']",,,上海
4980238595657294,NxFn5nJIG,3223043474,新药临床观察,#h#AgingCell：上海交通大学揭示维生素A延长寿命的新机制O网页链接以往研究表明辅酶Q10、omega-3脂肪、白藜芦醇等物质可直接或间接促进长寿和健康。维生素A(VA)是许多生物体必需的微量营养素，但它在长寿和年龄相关疾病中的作用目前尚不清楚。2023年12月15日，来自上海交通大学生命科学与生物技术学院的IlyaA.Vinnikov教授等人在 AgingCell 杂志发表题为“SKN-1/NRF2upregulationbyvitaminAisconservedfromnematodestomammalsandiscriticalforlifespanextensioninCaenorhabditiselegans”的文章。该文章发现维生素A可延长寿命、减少脂褐素和脂肪积累并增加对热和氧化应激的抵抗。,,,,h,0,0,0,2023-12-18 10:01,IQOO U3x 标准版,,,,广东
4980235776295746,NxFixqpOi,5076516542,新浪爱问医生,由北京慢性病防治与健康教育研究会主办，赛诺菲和新浪健康协办的#菲常1+医#节目播出中！上海交通大学附属仁济医院浦南分院刘连勇主任医师，为我们科普《视网膜病变：糖友如何防患于未然》。爱问健康讲堂的微博直播,,,,菲常1+医,541,120,284,2023-12-18 09:50,微博网页版,,,,广东
4980235026565635,NxFhkry1l,1779297651,秦刚汉强,【秦汉·慕课学习】慕人生事业的辉煌与成就，课以脚踏实地的努力与学习。请分享《2023-12-18哔哩哔哩-国家精品课-上海交通大学教授胡伟《政治学原理》（第04课）：权力的概念》。O【汉语言文学】《政治学原理-胡伟（上海交通大学）》YW-GJJJPK国家级精品课-语文（72讲）,,,,,0,0,0,2023-12-18 09:47,哔哩哔哩,['https://wx4.sinaimg.cn/large/6a0ded73ly8hkxp7d32qsj20vn0jsta9.jpg'],,,四川
4980227088322704,NxF4wyV7a,5549781031,耶鲁北京中心,2023年12月10日至11日，上海交通大学-耶鲁大学第六届全球公共卫生政策论坛在上海举行。本次论坛由上海交通大学、耶鲁大学联合主办，上海交通大学-耶鲁大学卫生政策联合研究中心、上海交通大学国际与公共事务学院、耶鲁大学公共卫生学院联合承办，耶鲁北京中心，耶鲁大学中国医疗健康会协办。O网页链接,,,,,0,0,0,2023-12-18 09:15,微博网页版,['https://wx1.sinaimg.cn/large/0063Ajzhgy1hkxoa0z0a5j30u00fcgpf.jpg'],,,北京
4980223201775600,NxEYg7rUI,3271376974,华南农业大学,#华农快递#【第五届中国压花研讨会在我校举办】12月8日至10日，第五届中国压花研讨会在我校举行。本次会议由中国园艺学会压花分会主办，我校园艺学院承办，来自清华大学、上海交通大学、四川农业大学、香港科技大学30多所高校的师生和20多家压花企业研发人员共150余人出席本次会议。我校副校长温小波出席开幕式并致辞。在为期两天的研讨活动中，与会代表围绕与压花艺术相关的教学、科研、科普、乡村振兴、田园综合体、艺术创作、美育课堂、研学、自然教育、产品研发、企业运营、创新创业等产学研多方面开展学术交流。,,,,华农快递,0,1,1,2023-12-18 09:00,华南农业大学超话,['https://wx3.sinaimg.cn/large/c2fd404egy1hkx6cv4fabj20z60ng42x.jpg'],,,广东
4980218483707696,NxEQEfyxy,7078185847,上海交通大学中英国际低碳学院,#交大金课#【金课名称】传热学【课程负责人】赵长颖【名师名片】赵长颖，上海交通大学讲席教授。主要研究方向为微纳尺度传热、先进储能技术、多孔介质传热、微纳热辐射与超材料能源器件等。作为本科“传热学”和研究生“高等传热学”两门核心课程的主讲教师和课程负责人，长期从事在教学一线。获宝钢优秀教师奖，上海交通大学教书育人奖一等奖等多项奖励。教学成果获评上海市教学成果奖一等奖2项，所主讲的英文传热学获评上海高校外国留学生示范性课程。【课程介绍】《传热学》是能源与动力类学科传统的三大核心专业基础课之一，也是机械、材料、电子等其它相关专业的重要基础课程。课程由基本概念、热传导、热对流、热辐射及综合应用五部分组成，以训练学生创新性思维、培养创新型人才为出发点，兼顾基础性、应用性和前瞻性，使学生掌握热传导、热对流和热辐射三种传热方式的基本概念、规律和方程，并运用于实际传热问题的分析；初步掌握数值计算的基本分析过程，以及采用实验手段解决实际传热问题的方法和技能；具备将实际问题抽象为理论，并运用理论分析解决实际问题的能力。#上海交通大学##LCC学术#,,,,"交大金课,上海交通大学,LCC学术",0,2,0,2023-12-18 08:41,微博网页版,"['https://wx4.sinaimg.cn/large/007J1ltRly1hkxnaqrev1j30d70840t1.jpg', 'https://wx1.sinaimg.cn/large/007J1ltRly1hkxnaqsaw0j30m80enwg4.jpg']",,,上海
4980210147789412,NxEDcwGnG,1660539862,范盒FunHee,活动名称| 2024新餐饮新增长—营销及新媒体专场活动时间| 2023年12月20日-21日（周三周四/2天）上午09:30-下午17:30活动地点 | 上海交通大学七宝校区 行政楼100会议室（七莘路2678号）活动形式 | 线下报名参会活动规模 | 150人+（报名需审核谢绝空降）O2024新餐饮新增长—营销及新媒体专场,,,,,0,0,1,2023-12-18 08:08,荣耀X40,,,,上海
4980064648958446,NxAQwBAv4,1909307324,海南网络广播电视台,【自贸佳丨深部生命国际研究中心：向海图强聚焦蔚蓝深处的生命力】《自贸佳》邀请您关注本期对话嘉宾田纳西大学诺克斯维尔分校教授、上海交通大学深部生命国际研究中心学术委员会联合主席凯伦·劳埃德。作为全球唯一的国际性深海与深部生物圈模拟研究平台，深部生命国际研究中心是如何聚焦蔚蓝深海，拓展研究新方法，填补深部生物圈领域的研究空白？从美国到中国，潜入跳动中的蓝色心脏，凯伦·劳埃德教授又是如何带领团队贡献专业力量，解密海量海洋深部生命的长期生存策略？风正千帆竞，海南又将如何向海图强打造蓝色新引擎，助力海洋强国战略，发挥不可替代的“海南作为”？《自贸佳》正在播出。L海南网络广播电视台的微博视频,,,,,0,0,0,2023-12-17 22:30,微博视频号,,"http://f.video.weibocdn.com/u0/6sKWJR7Rgx08aXupdwAU0104120aeQf70E040.mp4?label=mp4_720p&template=1280x720.25.0&ori=0&ps=1BVp4ysnknHVZu&Expires=1702950758&ssig=9W%2F7DAqLwF&KID=unistore,video",,
4980064648696757,NxAQwAuqh,2049018647,海南广播电视总台微博,【自贸佳丨深部生命国际研究中心：向海图强聚焦蔚蓝深处的生命力】《自贸佳》邀请您关注本期对话嘉宾田纳西大学诺克斯维尔分校教授、上海交通大学深部生命国际研究中心学术委员会联合主席凯伦·劳埃德。作为全球唯一的国际性深海与深部生物圈模拟研究平台，深部生命国际研究中心是如何聚焦蔚蓝深海，拓展研究新方法，填补深部生物圈领域的研究空白？从美国到中国，潜入跳动中的蓝色心脏，凯伦·劳埃德教授又是如何带领团队贡献专业力量，解密海量海洋深部生命的长期生存策略？风正千帆竞，海南又将如何向海图强打造蓝色新引擎，助力海洋强国战略，发挥不可替代的“海南作为”？《自贸佳》正在播出。L海南广播电视总台微博的微博视频,,,,,0,0,0,2023-12-17 22:30,微博视频号,,"http://f.video.weibocdn.com/u0/jvnctMHQgx08aXu8EsYg0104120ayHUA0E040.mp4?label=mp4_720p&template=1280x720.25.0&ori=0&ps=1BVp4ysnknHVZu&Expires=1702950758&ssig=B4NDVO3C4S&KID=unistore,video",,
4980063379135510,NxAOtCkyW,6673203673,累了就放空自己why,最近桃花很旺假作真时真亦假，无为有处有还无🥹🥰🥰#研究生的日常##上海交通大学#上海交通大学,,上海·上海交通大学(闵行校区),,"研究生的日常,上海交通大学",0,17,24,2023-12-17 22:24,iPhone客户端,"['https://wx1.sinaimg.cn/large/007hC57jly1hkx5a89msgj31sc2dsnpe.jpg', 'https://wx4.sinaimg.cn/large/007hC57jly1hkx5a4iog6j32c0340b2a.jpg', 'https://wx3.sinaimg.cn/large/007hC57jly1hkx5a6kuuvj32c0340u0y.jpg', 'https://wx3.sinaimg.cn/large/007hC57jly1hkx5ac3oljj32c0340b2b.jpg', 'https://wx4.sinaimg.cn/large/007hC57jly1hkx5a2qdpuj31sc2dsnpe.jpg', 'https://wx2.sinaimg.cn/large/007hC57jly1hkx5a9ocp5j33402c04qq.jpg', 'https://wx3.sinaimg.cn/large/007hC57jly1hkx5adfwp5j32bz2u81ky.jpg', 'https://wx3.sinaimg.cn/large/007hC57jly1hkx5bs3yu3j30n813kjz3.jpg', 'https://wx3.sinaimg.cn/large/007hC57jly1hkx5aei2lzj33402c0b29.jpg']",,,上海
4980053672461945,NxAyPaksN,5311238078,日照不足的小萝卜头儿,我发表了头条文章:《上海交通大学金融硕士431金融学综合考研真题/参考书/复试线/报》O上海交通大学金融硕士431金融学综合考研真题/参考书/复试线/报,,,,,1,0,0,2023-12-17 21:46,nova8 我由我掌镜,,,,山东
4980034014021954,NxA37gSie,6125001486,自明诚熊,上海交通大学庄子《天下》之二十一全而无非，动静无过，未尝有罪。是何故？夫无知之物，无建己之患，无用知之累，动静不离于理，是以终身无誉。故曰：至于若无知之物而已。无用贤圣，夫块不失道。”豪桀相与笑之曰：“慎到之道，非生人之行，而至死人之理，适得怪焉。”译文：完全没有不是，动静均无过失，未尝有罪。这是什么缘故？无知之物，就没有出于自我的忧患，没有用智的劳累，动静都合乎自然之理，所以终身无人赞誉。所以说：能达到那些无知之物的状态就够了。不需要成什么贤圣，做个土块就不会失道。”当时一些名人都笑话他：“慎到的道，不是活人能行的，是死人的道理，能做到才奇怪。”体会：慎道追求无错，就是消除自己的意识。这点看起来也有道理，现实中谁又会怪罪那些没有意识的事物呢？只是绝对的无意识不过是死人罢了。附：清贫乐·读庄子《天下》之二十一全而无落，动静皆无错。无己无谋人好过，道理可通不惑。为人无誉无非，处心无乐无悲。当若无知土块，死人不解精髓。,,,,,0,1,0,2023-12-17 20:28,上海交通大学超话,,,,湖南
4980033313313091,NxA1ZdTSX,1119576111,小涛tjw,小涛tjw的视频重点来吧，相约2024上海交通大学L小涛tjw的微博视频,,郑州·大上海城步行街,,,0,0,0,2023-12-17 20:25,上海交通大学超话,,"http://f.video.weibocdn.com/o0/379C6LtLlx08b1hVvb8c010412004gaf0E010.mp4?label=mp4_720p&template=720x1280.24.0&ori=0&ps=1BVp4ysnknHVZu&Expires=1702950758&ssig=349SBhAOdV&KID=unistore,video",,江苏
4980032130777397,NxA053geF,6890796357,日照日报官博,康复医学与工程大会暨康复医学与康复工程前沿技术临床转化会议｜嘉宾专访大会执行主席、上海交通大学附属第九人民医院骨科主任医师王金武：“日照是滨海城市，特别宜居，对康复养老产业来说是一个特别好的城市。”（全媒体记者庄增宇刘成）L日照日报官博的微博视频,,,,,10,4,15,2023-12-17 20:20,微博视频号,,"http://f.video.weibocdn.com/o0/QfPpwdDZlx08b1hHddGM010412007rb70E010.mp4?label=mp4_720p&template=720x960.24.0&ori=0&ps=1BVp4ysnknHVZu&Expires=1702950758&ssig=MCcPYs3RSn&KID=unistore,video",,
4980023305965513,NxzLQp1TX,7787827087,Abby-wong,申港硕可以把重医写成上海交通大学重庆分校吗😅（学校都能蹭，我能不能蹭tnnd我每个学期都选巨多选修课，然后不去考试。现在的情况就是我加上选修课均分比必修课低三分。,,,,,0,0,3,2023-12-17 19:45,微博轻享版,,,,重庆
4980019371185091,NxzFv4Yin,1739746697,上海交通大学,#南洋资讯#【上海交通大学第十二期“科技论剑”——人工智能大模型的机遇与挑战】12月13日，上海交通大学第十二期“科技论剑”在闵行校区新行政楼B楼418会议室举行。论坛以“人工智能大模型的机遇与挑战”为主题，由科学技术发展研究院主办。电子信息与电气工程学院卢策吾教授、重庆人工智能研究院AI大模型中心齐鹏主任和相关企业专家做专题报告。论坛邀请到来自船舶海洋与建筑工程学院、机械与动力工程学院、电子信息与电气工程学院、生物医学工程学院、农业与生物学院、医学院、药学院、凯原法学院、教育学院、马克思主义学院、第九人民医院、网络信息中心的十四位领域专家学者作快闪报告。科学技术发展研究院副院长陆琪致辞，研究生院、教务处、文科建设处、规划发展处等机关部处代表，及来自全校180余位师生参加论坛，论坛学术部分由电子信息与电气工程学院赵海教授主持。O上海交通大学第十二期“科技论剑”——人工智能大模型的机遇与挑战,,,,南洋资讯,1,0,4,2023-12-17 19:30,微博 weibo.com,,,,上海
4980017362634416,NxzCgb3kA,2892755262,魅力人生_魅力公主_魔法女神精灵,《云南省第三生态环境保护督察组一行到上海交通大学云南（大理）研究院调研-上海交通大学云南（大理）研究院》    2022年11月11日下午，省第三生态环境保护督察组组长孙耕耘、副组长杨永宏及全体督察组成员，在大理州生态环境局局长李利彪、大理市人民政府市长王剑等陪同下到上O网页链接,,,,,0,0,0,2023-12-17 19:22,百度App,,,,云南
4980014019516970,NxzwRDVNw,3884325550,Still_Yo,✨中国共产主义青年团上海交通大学第十四次代表会议,,,,,0,2,2,2023-12-17 19:08,iPhone 14,"['https://wx3.sinaimg.cn/large/e7861aaegy1hkwzsohedyj234n2337wi.jpg', 'https://wx2.sinaimg.cn/large/e7861aaegy1hkwzss3dydj230t20ix6p.jpg', 'https://wx3.sinaimg.cn/large/e7861aaegy1hkwzsti2n2j2332220u0x.jpg', 'https://wx1.sinaimg.cn/large/e7861aaegy1hkwzsvo2pvj22801o0e82.jpg']",,,上海
4980011572662288,NxzsVbaA8,6298949288,舟的保研小铺,保研为什么说保研是信息战❓❗️如果你掌握了一手资讯，现在你可能已经听完宣讲会了解梦校相关事宜还没有加入交流群的小伙伴快快加入25交流群吧获取第一资讯戳戳学姐即可加入交流群上海交通大学上海高级金融学院，都已正式开放2025级推免申请通道，感兴趣的保研er快快关注有的时候信息和运气也同样重要,,,,,0,0,2,2023-12-17 18:59,保研超话,['https://wx3.sinaimg.cn/large/006ShKsgly1hkwzggw7joj30m80etwi1.jpg'],,,辽宁
4980008639006869,NxzobBN65,7854322414,涩一古往今来,你们猜像上海交通大学、复旦大学等等是不是利用非正规手段获得的GPT-4API,,,,,0,0,0,2023-12-17 18:47,iPhone客户端,,,,广东
4979993023613719,NxyZ0fa5N,7528897005,风吹我已散W,@求签求能否考上今年上海交通大学的法硕非法学,,,求签,,0,0,0,2023-12-17 17:45,iPhone客户端,,,,上海
4979973853023202,Nxyu5cGtk,5506837366,我要六月毕业,上海交通大学有张冰老师组的同学吗,,,,,0,0,0,2023-12-17 16:29,上海交通大学超话,,,,上海
4979938799386826,NxxzxDnWq,1738690784,麻省理工科技评论,#太阳能蒸馏#【科学家研发多级太阳能蒸馏技术，能在20%的盐度下运行】太阳能蒸馏式#海水淡化#是一种纯被动、可离网工作的零碳淡水供给技术，这项技术在学界的共同努力下已经实现了能效的大幅度提升。因此制约这项技术实际应用的是长效性：产水成本取决于装置的能效、寿命和成本。之前的技术大多采用多孔介质作为蒸发器，这大幅可以减少热损并提升能效，也是助推该领域快速发展的技术路线，但多孔介质的使用同时造成了抗盐能力的下降。当盐水中的水蒸发之后，盐分会留在多孔介质蒸发器内快速积累，最终饱和析出并造成蒸发性能下降或者失效，这导致装置寿命非常有限。在采用多孔介质作为蒸发器时，提升太阳能蒸馏装置的能效和寿命之间存在矛盾。在大自然中也存在海水被#太阳能#加热蒸发和冷凝降雨的“蒸馏”过程，而海水蒸发还会带来温盐对流现象，这种千米级的现象是海洋中物质交换的一种重要驱动力。受到这种自然现象的启发，#上海交通大学#教授徐震原和合作者，跳出原有多孔蒸发器的使用，提出一种基于漂浮连通器的受限水层蒸发器设计方案。并通过调控温度、盐度梯度获得了毫米级的温盐对流现象，形成很小的漩涡。一方面可以强化局部传热，另一方面可以快速移除蒸发带来的盐分积累。戳链接查看详情：O网页链接,,,,"太阳能蒸馏,海水淡化,太阳能,上海交通大学",4,0,8,2023-12-17 14:09,微博网页版,"['https://wx4.sinaimg.cn/large/67a250e0ly1hkwr5y9wy8j20ko0mp11t.jpg', 'https://wx4.sinaimg.cn/large/67a250e0ly1hkwr5y8ib6j20ho0e4af6.jpg', 'https://wx3.sinaimg.cn/large/67a250e0ly1hkwr5y85k6j20u00fogsm.jpg']",,,
4979933191340115,Nxxqv5CCL,1854580681,西安电子科技大学,#西电快讯#【学在西电西电空间院入选全国“钱学森”科学家精神教育基地联合体创始单位】为纪念中国航天事业奠基人，“两弹一星”元勋钱学森，大力弘扬钱学森精神，12月10日下午，全国“钱学森”科学家精神教育基地联合体成立大会在上海交通大学钱学森图书馆举行。中国科学技术协会宣传文化部副部长宋玉荣，钱学森之子、上海交通大学钱学森图书馆馆长钱永刚，钱学森秘书、中央军委科学技术委员会综合局大校顾吉环和李明以及来自全国13个省市26家单位的代表共同出席本次大会。（点击O网页链接查看全文）,,,,西电快讯,0,1,0,2023-12-17 13:47,北操跑步的iPhone 14 Pro,['https://wx1.sinaimg.cn/large/6e8aa7c9ly1hkwoaxg4tyj20z40nfgow.jpg'],,,陕西
4979929003591723,NxxjKf4n1,2728483914,上海教育,【谁领跑？谁进步最快？上海高校官方微信2023年11月榜单来啦】十一月，上海高校官方微信文章势头十足，在获荣誉、贺校庆、赏美景、考研季中充满收获、振奋精神。“上海交通大学”一马当先，“同济大学”“复旦大学”紧随其后，分列亚、季军，“上海政法学院”“上海对外经贸大学”都跃升10名，双双摘得本月“最佳进步奖”。一起来看榜单详情↓↓O谁领跑？谁进步最快？上海高校官方微信2023年11月榜单来啦,,,,,0,0,1,2023-12-17 13:31,微博网页版,"['https://wx4.sinaimg.cn/large/a2a15c4agy1hkwooyhvp5j20n20e1tbe.jpg', 'https://wx4.sinaimg.cn/large/a2a15c4agy1hkwop3ekzfj20h70i2wlr.jpg']",,,
4979923511673571,NxxaT71n5,7489482424,与君相逢横塘水,上海博物馆补完计划Day1.5上海交通大学博物馆交大校徽章、诗情引碧霄特展套色章get华子待久了会丧失对一个高校能有多大的想象，校内骑车12分钟才到他们玉兰苑餐厅,,上海·上海交通大学,,,0,0,0,2023-12-17 13:09,HUAWEI Mate 40,"['https://wx3.sinaimg.cn/large/008aR6vCly1hkwohm5or8j31400u044d.jpg', 'https://wx1.sinaimg.cn/large/008aR6vCly1hkwpcxpx3cj30u0140dij.jpg', 'https://wx1.sinaimg.cn/large/008aR6vCly1hkwohndbmlj31400u0jwp.jpg', 'https://wx2.sinaimg.cn/large/008aR6vCly1hkwoho2gymj30u0140jur.jpg', 'https://wx1.sinaimg.cn/large/008aR6vCly1hkwohoxxmgj30u0140mzu.jpg', 'https://wx4.sinaimg.cn/large/008aR6vCly1hkwohpl2itj30u0140aea.jpg', 'https://wx3.sinaimg.cn/large/008aR6vCly1hkwohqwq2yj30u0140n3a.jpg', 'https://wx2.sinaimg.cn/large/008aR6vCly1hkwohwdvzkj30u0140jzj.jpg', 'https://wx3.sinaimg.cn/large/008aR6vCly1hkwohq8sdyj30u0140476.jpg']",,,上海
4979891005556045,NxwksnjnD,7793445151,全飞秒科普学堂,#眼健康光明计划##眼科医生请指教##微博健康公开课##眼健康科普##健康小知识##爱眼护眼小妙招##眼健康光明计划#全飞秒术后检查，医生说我有假性近视，什么原因造成的呢？来自上海交通大学附属第六人民医院眼科副主任医师胡颖告诉你到底是怎样的。假性近视是短期过度用眼导致的眼球调节过度引起的，可以通过扩瞳验光来判断，说明患者的调节功能还是好的，术后短期由于视力基本恢复，大部分患者忍不住又开始过度用眼，这样会导致眼睛疲劳，短暂视力模糊，甚至出现假性近视。术后还是要注意休息眼睛。#全飞秒小课堂##瞳学们上课啦#,,,,"眼健康光明计划,眼科医生请指教,微博健康公开课,眼健康科普,健康小知识,爱眼护眼小妙招,全飞秒小课堂,瞳学们上课啦",0,0,0,2023-12-17 11:00,微博网页版,"['https://wx1.sinaimg.cn/large/008vqv6fgy1hksb5forwej30m80etwgl.jpg', 'https://wx4.sinaimg.cn/large/008vqv6fgy1hksb5hk261j30m80etwgb.jpg']",,,上海
4979880685211393,Nxw3OlRIJ,5612018981,小哈基米妮,上海交通大学求问研究生英语免修的条件,,,,,0,1,0,2023-12-17 10:19,上海交通大学超话,,,,北京
4979875769221533,NxvVSCGWp,7285100027,高校菁英杯Godspeed校队,#第二届王者荣耀高校菁英杯#第一#王者荣耀高校菁英杯##上海交通大学##青春运动日记#,,,,"第二届王者荣耀高校菁英杯,王者荣耀高校菁英杯,上海交通大学,青春运动日记",0,0,3,2023-12-17 09:59,荣耀Magic4,['https://wx3.sinaimg.cn/large/007X1xjlgy1hkwjxhem69j31hc0u0alo.jpg'],,,广东
4979855357640765,NxvoXw3I9,1684080354,茅苹投资,#房地产—茅苹投资##历史文化投资#租房与买房，到底哪个更好，这还要从文化的“根子上”解决，没有房子好像这个城市都不属于你，还不仅仅是“经济”上的问题。上海交通大学教授陈欣谈房地产，中国并不存在房贷压力大的问题，国居民存款超过120万亿，个人住房贷余额38.94万亿元，3614万户家庭存款超过50万。,,,,"房地产—茅苹投资,历史文化投资",0,0,1,2023-12-17 08:38,HUAWEI Mate 40,,,,湖北
